id;contact_name;contact_first_name;contact_last_name;contact_email_address;contact_web_site;contact_salutation;contact_job_title;contact_phone_number;contact_fax_number
1;Lead Administrator;Cotton connecting Kenyan Shilling;bus India;"]Q;FOz@]e.SK$hT(";Assistant matrices Product;PROFESSOR;Michigan copying Games;withdrawal;Wooden
2;Ball blue open architecture;Regional;yellow;"c6@;N|?hF.c]";Somali Shilling;DOCTOR;robust Burg ubiquitous;transmit;channels Strategist
3;internet solution calculating;Fantastic incentivize Point;Unbranded;"1]$h@Zw:;}.07>n#";Inverse navigate;SIR;engage customized;withdrawal bypass;Forge North Dakota
4;Steel Technician compress;dynamic;Expanded;"9@GmF~O.(i";Executive;MADAME;Garden Music;Dynamic back-end;Solomon Islands Dollar
5;cross-media orchestrate;Avon uniform transition;Supervisor Nepalese Rupee Optimization;"RBd@,s.:\ji";Algerian Dinar Auto Loan Account Plastic;DOCTOR;XSS Pennsylvania strategize;engage Jersey;Washington gold
6;Granite Home Generic Rubber Pizza;Mission Lilangeni;International;"1/t0g@wu18z.o$x+";index program;PROFESSOR;turquoise overriding;enterprise;Handmade Fresh Salad
7;Intranet Human;navigate;Directives;"er1aM/@<d.R[";pink disintermediate Savings Account;MADAME;Handmade Plastic Salad Ports;interactive Moldovan Leu SDD;overriding generate
8;ubiquitous;Fish;Savings Account Arkansas;"'V@e.u.G1a-g";channels;SIR;Car cutting-edge Rupiah;hack array target;port
9;Center Chief;Refined Frozen Mouse;Baby;"Q92h[@:FV$ju./wURR";Syrian Pound Multi-tiered;MADAME;Designer;Steel;software
10;Small Metal Chair Arizona Manors;harness Soft;Assimilated Oval;"&3{4^E@V=*.c";Cambridgeshire Dobra;MADAME;Licensed digital;Representative Colorado SQL;Iowa HDD
